time4sub,time11sub,solution?,n,time4,time11,correct winner
0.21868429183959961,0.820082688331604,1,70,1.289804220199585,13.255837440490723,queen11
